ndb_number,fdc_id,description,food_category_code,food_category_description,nutrient_nbr,amount_per_100g
01019,173420,"Cheese, feta",0100,Dairy and Egg Products,203,14.21
01019,173420,"Cheese, feta",0100,Dairy and Egg Products,204,21.49
01019,173420,"Cheese, feta",0100,Dairy and Egg Products,205,3.88
01019,173420,"Cheese, feta",0100,Dairy and Egg Products,208,265
01019,173420,"Cheese, feta",0100,Dairy and Egg Products,269,0
01019,173420,"Cheese, feta",0100,Dairy and Egg Products,291,0
01019,173420,"Cheese, feta",0100,Dairy and Egg Products,306,62
01019,173420,"Cheese, feta",0100,Dairy and Egg Products,307,1139
01019,173420,"Cheese, feta",0100,Dairy and Egg Products,601,89
01019,173420,"Cheese, feta",0100,Dairy and Egg Products,606,13.3
01082,170872,"Milk, lowfat, fluid, 1% milkfat, with added vitamin A and vitamin D",0100,Dairy and Egg Products,203,3.37
01082,170872,"Milk, lowfat, fluid, 1% milkfat, with added vitamin A and vitamin D",0100,Dairy and Egg Products,204,0.97
01082,170872,"Milk, lowfat, fluid, 1% milkfat, with added vitamin A and vitamin D",0100,Dairy and Egg Products,205,4.99
01082,170872,"Milk, lowfat, fluid, 1% milkfat, with added vitamin A and vitamin D",0100,Dairy and Egg Products,208,42
01082,170872,"Milk, lowfat, fluid, 1% milkfat, with added vitamin A and vitamin D",0100,Dairy and Egg Products,269,5.2
01082,170872,"Milk, lowfat, fluid, 1% milkfat, with added vitamin A and vitamin D",0100,Dairy and Egg Products,291,0
01082,170872,"Milk, lowfat, fluid, 1% milkfat, with added vitamin A and vitamin D",0100,Dairy and Egg Products,306,150
01082,170872,"Milk, lowfat, fluid, 1% milkfat, with added vitamin A and vitamin D",0100,Dairy and Egg Products,307,44
01082,170872,"Milk, lowfat, fluid, 1% milkfat, with added vitamin A and vitamin D",0100,Dairy and Egg Products,601,5
01082,170872,"Milk, lowfat, fluid, 1% milkfat, with added vitamin A and vitamin D",0100,Dairy and Egg Products,606,0.633
01123,171287,"Egg, whole, raw, fresh",0100,Dairy and Egg Products,203,12.56
01123,171287,"Egg, whole, raw, fresh",0100,Dairy and Egg Products,204,9.51
01123,171287,"Egg, whole, raw, fresh",0100,Dairy and Egg Products,205,0.72
01123,171287,"Egg, whole, raw, fresh",0100,Dairy and Egg Products,208,143
01123,171287,"Egg, whole, raw, fresh",0100,Dairy and Egg Products,269,0.37
01123,171287,"Egg, whole, raw, fresh",0100,Dairy and Egg Products,291,0
01123,171287,"Egg, whole, raw, fresh",0100,Dairy and Egg Products,306,138
01123,171287,"Egg, whole, raw, fresh",0100,Dairy and Egg Products,307,142
01123,171287,"Egg, whole, raw, fresh",0100,Dairy and Egg Products,601,372
01123,171287,"Egg, whole, raw, fresh",0100,Dairy and Egg Products,606,3.126
01145,173430,"Butter, without salt",0100,Dairy and Egg Products,203,0.85
01145,173430,"Butter, without salt",0100,Dairy and Egg Products,204,81.11
01145,173430,"Butter, without salt",0100,Dairy and Egg Products,205,0.06
01145,173430,"Butter, without salt",0100,Dairy and Egg Products,208,717
01145,173430,"Butter, without salt",0100,Dairy and Egg Products,269,0.06
01145,173430,"Butter, without salt",0100,Dairy and Egg Products,291,0
01145,173430,"Butter, without salt",0100,Dairy and Egg Products,306,24
01145,173430,"Butter, without salt",0100,Dairy and Egg Products,307,11
01145,173430,"Butter, without salt",0100,Dairy and Egg Products,601,215
01145,173430,"Butter, without salt",0100,Dairy and Egg Products,606,50.489
01256,170894,"Yogurt, Greek, plain, nonfat (Includes foods for USDA's Food Distribution Program)",0100,Dairy and Egg Products,203,10.19
01256,170894,"Yogurt, Greek, plain, nonfat (Includes foods for USDA's Food Distribution Program)",0100,Dairy and Egg Products,204,0.39
01256,170894,"Yogurt, Greek, plain, nonfat (Includes foods for USDA's Food Distribution Program)",0100,Dairy and Egg Products,205,3.6
01256,170894,"Yogurt, Greek, plain, nonfat (Includes foods for USDA's Food Distribution Program)",0100,Dairy and Egg Products,208,59
01256,170894,"Yogurt, Greek, plain, nonfat (Includes foods for USDA's Food Distribution Program)",0100,Dairy and Egg Products,269,3.24
01256,170894,"Yogurt, Greek, plain, nonfat (Includes foods for USDA's Food Distribution Program)",0100,Dairy and Egg Products,291,0
01256,170894,"Yogurt, Greek, plain, nonfat (Includes foods for USDA's Food Distribution Program)",0100,Dairy and Egg Products,306,141
01256,170894,"Yogurt, Greek, plain, nonfat (Includes foods for USDA's Food Distribution Program)",0100,Dairy and Egg Products,307,36
01256,170894,"Yogurt, Greek, plain, nonfat (Includes foods for USDA's Food Distribution Program)",0100,Dairy and Egg Products,601,5
01256,170894,"Yogurt, Greek, plain, nonfat (Includes foods for USDA's Food Distribution Program)",0100,Dairy and Egg Products,606,0.117
02010,171320,"Spices, cinnamon, ground",0200,Spices and Herbs,203,3.99
02010,171320,"Spices, cinnamon, ground",0200,Spices and Herbs,204,1.24
02010,171320,"Spices, cinnamon, ground",0200,Spices and Herbs,205,80.59
02010,171320,"Spices, cinnamon, ground",0200,Spices and Herbs,208,247
02010,171320,"Spices, cinnamon, ground",0200,Spices and Herbs,269,2.17
02010,171320,"Spices, cinnamon, ground",0200,Spices and Herbs,291,53.1
02010,171320,"Spices, cinnamon, ground",0200,Spices and Herbs,306,431
02010,171320,"Spices, cinnamon, ground",0200,Spices and Herbs,307,10
02010,171320,"Spices, cinnamon, ground",0200,Spices and Herbs,601,0
02010,171320,"Spices, cinnamon, ground",0200,Spices and Herbs,606,0.345
02014,170923,"Spices, cumin seed",0200,Spices and Herbs,203,17.81
02014,170923,"Spices, cumin seed",0200,Spices and Herbs,204,22.27
02014,170923,"Spices, cumin seed",0200,Spices and Herbs,205,44.24
02014,170923,"Spices, cumin seed",0200,Spices and Herbs,208,375
02014,170923,"Spices, cumin seed",0200,Spices and Herbs,269,2.25
02014,170923,"Spices, cumin seed",0200,Spices and Herbs,291,10.5
02014,170923,"Spices, cumin seed",0200,Spices and Herbs,306,1788
02014,170923,"Spices, cumin seed",0200,Spices and Herbs,307,168
02014,170923,"Spices, cumin seed",0200,Spices and Herbs,601,0
02014,170923,"Spices, cumin seed",0200,Spices and Herbs,606,1.535
02028,171329,"Spices, paprika",0200,Spices and Herbs,203,14.14
02028,171329,"Spices, paprika",0200,Spices and Herbs,204,12.89
02028,171329,"Spices, paprika",0200,Spices and Herbs,205,53.99
02028,171329,"Spices, paprika",0200,Spices and Herbs,208,282
02028,171329,"Spices, paprika",0200,Spices and Herbs,269,10.34
02028,171329,"Spices, paprika",0200,Spices and Herbs,291,34.9
02028,171329,"Spices, paprika",0200,Spices and Herbs,306,2280
02028,171329,"Spices, paprika",0200,Spices and Herbs,307,68
02028,171329,"Spices, paprika",0200,Spices and Herbs,601,0
02028,171329,"Spices, paprika",0200,Spices and Herbs,606,2.14
02043,172231,"Spices, turmeric, ground",0200,Spices and Herbs,203,9.68
02043,172231,"Spices, turmeric, ground",0200,Spices and Herbs,204,3.25
02043,172231,"Spices, turmeric, ground",0200,Spices and Herbs,205,67.14
02043,172231,"Spices, turmeric, ground",0200,Spices and Herbs,208,312
02043,172231,"Spices, turmeric, ground",0200,Spices and Herbs,269,3.21
02043,172231,"Spices, turmeric, ground",0200,Spices and Herbs,291,22.7
02043,172231,"Spices, turmeric, ground",0200,Spices and Herbs,306,2080
02043,172231,"Spices, turmeric, ground",0200,Spices and Herbs,307,27
02043,172231,"Spices, turmeric, ground",0200,Spices and Herbs,601,0
02043,172231,"Spices, turmeric, ground",0200,Spices and Herbs,606,1.838
02047,173468,"Salt, table",0200,Spices and Herbs,203,0
02047,173468,"Salt, table",0200,Spices and Herbs,204,0
02047,173468,"Salt, table",0200,Spices and Herbs,205,0
02047,173468,"Salt, table",0200,Spices and Herbs,208,0
02047,173468,"Salt, table",0200,Spices and Herbs,269,0
02047,173468,"Salt, table",0200,Spices and Herbs,291,0
02047,173468,"Salt, table",0200,Spices and Herbs,306,8
02047,173468,"Salt, table",0200,Spices and Herbs,307,38758
02047,173468,"Salt, table",0200,Spices and Herbs,601,0
02047,173468,"Salt, table",0200,Spices and Herbs,606,0
04053,171413,"Oil, olive, salad or cooking",0400,Fats and Oils,203,0
04053,171413,"Oil, olive, salad or cooking",0400,Fats and Oils,204,100
04053,171413,"Oil, olive, salad or cooking",0400,Fats and Oils,205,0
04053,171413,"Oil, olive, salad or cooking",0400,Fats and Oils,208,884
04053,171413,"Oil, olive, salad or cooking",0400,Fats and Oils,269,0
04053,171413,"Oil, olive, salad or cooking",0400,Fats and Oils,291,0
04053,171413,"Oil, olive, salad or cooking",0400,Fats and Oils,306,1
04053,171413,"Oil, olive, salad or cooking",0400,Fats and Oils,307,2
04053,171413,"Oil, olive, salad or cooking",0400,Fats and Oils,601,0
04053,171413,"Oil, olive, salad or cooking",0400,Fats and Oils,606,13.808
05062,171077,"Chicken, broiler or fryers, breast, skinless, boneless, meat only, raw",0500,Poultry Products,203,22.5
05062,171077,"Chicken, broiler or fryers, breast, skinless, boneless, meat only, raw",0500,Poultry Products,204,2.62
05062,171077,"Chicken, broiler or fryers, breast, skinless, boneless, meat only, raw",0500,Poultry Products,205,0
05062,171077,"Chicken, broiler or fryers, breast, skinless, boneless, meat only, raw",0500,Poultry Products,208,120
05062,171077,"Chicken, broiler or fryers, breast, skinless, boneless, meat only, raw",0500,Poultry Products,269,0
05062,171077,"Chicken, broiler or fryers, breast, skinless, boneless, meat only, raw",0500,Poultry Products,291,0
05062,171077,"Chicken, broiler or fryers, breast, skinless, boneless, meat only, raw",0500,Poultry Products,306,334
05062,171077,"Chicken, broiler or fryers, breast, skinless, boneless, meat only, raw",0500,Poultry Products,307,45
05062,171077,"Chicken, broiler or fryers, breast, skinless, boneless, meat only, raw",0500,Poultry Products,601,73
05062,171077,"Chicken, broiler or fryers, breast, skinless, boneless, meat only, raw",0500,Poultry Products,606,0.563
05096,173627,"Chicken, broilers or fryers, dark meat, thigh, meat only, raw",0500,Poultry Products,203,19.66
05096,173627,"Chicken, broilers or fryers, dark meat, thigh, meat only, raw",0500,Poultry Products,204,4.12
05096,173627,"Chicken, broilers or fryers, dark meat, thigh, meat only, raw",0500,Poultry Products,205,0
05096,173627,"Chicken, broilers or fryers, dark meat, thigh, meat only, raw",0500,Poultry Products,208,121
05096,173627,"Chicken, broilers or fryers, dark meat, thigh, meat only, raw",0500,Poultry Products,269,0
05096,173627,"Chicken, broilers or fryers, dark meat, thigh, meat only, raw",0500,Poultry Products,291,0
05096,173627,"Chicken, broilers or fryers, dark meat, thigh, meat only, raw",0500,Poultry Products,306,242
05096,173627,"Chicken, broilers or fryers, dark meat, thigh, meat only, raw",0500,Poultry Products,307,95
05096,173627,"Chicken, broilers or fryers, dark meat, thigh, meat only, raw",0500,Poultry Products,601,94
05096,173627,"Chicken, broilers or fryers, dark meat, thigh, meat only, raw",0500,Poultry Products,606,1.097
08120,173904,"Cereals, oats, regular and quick, not fortified, dry",0800,Breakfast Cereals,203,13.15
08120,173904,"Cereals, oats, regular and quick, not fortified, dry",0800,Breakfast Cereals,204,6.52
08120,173904,"Cereals, oats, regular and quick, not fortified, dry",0800,Breakfast Cereals,205,67.7
08120,173904,"Cereals, oats, regular and quick, not fortified, dry",0800,Breakfast Cereals,208,379
08120,173904,"Cereals, oats, regular and quick, not fortified, dry",0800,Breakfast Cereals,269,0.99
08120,173904,"Cereals, oats, regular and quick, not fortified, dry",0800,Breakfast Cereals,291,10.1
08120,173904,"Cereals, oats, regular and quick, not fortified, dry",0800,Breakfast Cereals,306,362
08120,173904,"Cereals, oats, regular and quick, not fortified, dry",0800,Breakfast Cereals,307,6
08120,173904,"Cereals, oats, regular and quick, not fortified, dry",0800,Breakfast Cereals,601,0
08120,173904,"Cereals, oats, regular and quick, not fortified, dry",0800,Breakfast Cereals,606,1.11
09003,171688,"Apples, raw, with skin (Includes foods for USDA's Food Distribution Program)",0900,Fruits and Fruit Juices,203,0.26
09003,171688,"Apples, raw, with skin (Includes foods for USDA's Food Distribution Program)",0900,Fruits and Fruit Juices,204,0.17
09003,171688,"Apples, raw, with skin (Includes foods for USDA's Food Distribution Program)",0900,Fruits and Fruit Juices,205,13.81
09003,171688,"Apples, raw, with skin (Includes foods for USDA's Food Distribution Program)",0900,Fruits and Fruit Juices,208,52
09003,171688,"Apples, raw, with skin (Includes foods for USDA's Food Distribution Program)",0900,Fruits and Fruit Juices,269,10.39
09003,171688,"Apples, raw, with skin (Includes foods for USDA's Food Distribution Program)",0900,Fruits and Fruit Juices,291,2.4
09003,171688,"Apples, raw, with skin (Includes foods for USDA's Food Distribution Program)",0900,Fruits and Fruit Juices,306,107
09003,171688,"Apples, raw, with skin (Includes foods for USDA's Food Distribution Program)",0900,Fruits and Fruit Juices,307,1
09003,171688,"Apples, raw, with skin (Includes foods for USDA's Food Distribution Program)",0900,Fruits and Fruit Juices,601,0
09003,171688,"Apples, raw, with skin (Includes foods for USDA's Food Distribution Program)",0900,Fruits and Fruit Juices,606,0.028
09040,173944,"Bananas, raw",0900,Fruits and Fruit Juices,203,1.09
09040,173944,"Bananas, raw",0900,Fruits and Fruit Juices,204,0.33
09040,173944,"Bananas, raw",0900,Fruits and Fruit Juices,205,22.84
09040,173944,"Bananas, raw",0900,Fruits and Fruit Juices,208,89
09040,173944,"Bananas, raw",0900,Fruits and Fruit Juices,269,12.23
09040,173944,"Bananas, raw",0900,Fruits and Fruit Juices,291,2.6
09040,173944,"Bananas, raw",0900,Fruits and Fruit Juices,306,358
09040,173944,"Bananas, raw",0900,Fruits and Fruit Juices,307,1
09040,173944,"Bananas, raw",0900,Fruits and Fruit Juices,601,0
09040,173944,"Bananas, raw",0900,Fruits and Fruit Juices,606,0.112
09087,171726,"Dates, deglet noor",0900,Fruits and Fruit Juices,203,2.45
09087,171726,"Dates, deglet noor",0900,Fruits and Fruit Juices,204,0.39
09087,171726,"Dates, deglet noor",0900,Fruits and Fruit Juices,205,75.03
09087,171726,"Dates, deglet noor",0900,Fruits and Fruit Juices,208,282
09087,171726,"Dates, deglet noor",0900,Fruits and Fruit Juices,269,63.35
09087,171726,"Dates, deglet noor",0900,Fruits and Fruit Juices,291,8
09087,171726,"Dates, deglet noor",0900,Fruits and Fruit Juices,306,656
09087,171726,"Dates, deglet noor",0900,Fruits and Fruit Juices,307,2
09087,171726,"Dates, deglet noor",0900,Fruits and Fruit Juices,601,0
09087,171726,"Dates, deglet noor",0900,Fruits and Fruit Juices,606,0.032
09132,174683,"Grapes, red or green (European type, such as Thompson seedless), raw",0900,Fruits and Fruit Juices,203,0.72
09132,174683,"Grapes, red or green (European type, such as Thompson seedless), raw",0900,Fruits and Fruit Juices,204,0.16
09132,174683,"Grapes, red or green (European type, such as Thompson seedless), raw",0900,Fruits and Fruit Juices,205,18.1
09132,174683,"Grapes, red or green (European type, such as Thompson seedless), raw",0900,Fruits and Fruit Juices,208,69
09132,174683,"Grapes, red or green (European type, such as Thompson seedless), raw",0900,Fruits and Fruit Juices,269,15.48
09132,174683,"Grapes, red or green (European type, such as Thompson seedless), raw",0900,Fruits and Fruit Juices,291,0.9
09132,174683,"Grapes, red or green (European type, such as Thompson seedless), raw",0900,Fruits and Fruit Juices,306,191
09132,174683,"Grapes, red or green (European type, such as Thompson seedless), raw",0900,Fruits and Fruit Juices,307,2
09132,174683,"Grapes, red or green (European type, such as Thompson seedless), raw",0900,Fruits and Fruit Juices,601,0
09132,174683,"Grapes, red or green (European type, such as Thompson seedless), raw",0900,Fruits and Fruit Juices,606,0.054
09152,167747,"Lemon juice, raw",0900,Fruits and Fruit Juices,203,0.35
09152,167747,"Lemon juice, raw",0900,Fruits and Fruit Juices,204,0.24
09152,167747,"Lemon juice, raw",0900,Fruits and Fruit Juices,205,6.9
09152,167747,"Lemon juice, raw",0900,Fruits and Fruit Juices,208,22
09152,167747,"Lemon juice, raw",0900,Fruits and Fruit Juices,269,2.52
09152,167747,"Lemon juice, raw",0900,Fruits and Fruit Juices,291,0.3
09152,167747,"Lemon juice, raw",0900,Fruits and Fruit Juices,306,103
09152,167747,"Lemon juice, raw",0900,Fruits and Fruit Juices,307,1
09152,167747,"Lemon juice, raw",0900,Fruits and Fruit Juices,601,0
09152,167747,"Lemon juice, raw",0900,Fruits and Fruit Juices,606,0.04
09193,169094,"Olives, ripe, canned (small-extra large)",0900,Fruits and Fruit Juices,203,0.84
09193,169094,"Olives, ripe, canned (small-extra large)",0900,Fruits and Fruit Juices,204,10.9
09193,169094,"Olives, ripe, canned (small-extra large)",0900,Fruits and Fruit Juices,205,6.04
09193,169094,"Olives, ripe, canned (small-extra large)",0900,Fruits and Fruit Juices,208,116
09193,169094,"Olives, ripe, canned (small-extra large)",0900,Fruits and Fruit Juices,269,0
09193,169094,"Olives, ripe, canned (small-extra large)",0900,Fruits and Fruit Juices,291,1.6
09193,169094,"Olives, ripe, canned (small-extra large)",0900,Fruits and Fruit Juices,306,8
09193,169094,"Olives, ripe, canned (small-extra large)",0900,Fruits and Fruit Juices,307,735
09193,169094,"Olives, ripe, canned (small-extra large)",0900,Fruits and Fruit Juices,601,0
09193,169094,"Olives, ripe, canned (small-extra large)",0900,Fruits and Fruit Juices,606,2.279
09200,169097,"Oranges, raw, all commercial varieties",0900,Fruits and Fruit Juices,203,0.94
09200,169097,"Oranges, raw, all commercial varieties",0900,Fruits and Fruit Juices,204,0.12
09200,169097,"Oranges, raw, all commercial varieties",0900,Fruits and Fruit Juices,205,11.75
09200,169097,"Oranges, raw, all commercial varieties",0900,Fruits and Fruit Juices,208,47
09200,169097,"Oranges, raw, all commercial varieties",0900,Fruits and Fruit Juices,269,9.35
09200,169097,"Oranges, raw, all commercial varieties",0900,Fruits and Fruit Juices,291,2.4
09200,169097,"Oranges, raw, all commercial varieties",0900,Fruits and Fruit Juices,306,181
09200,169097,"Oranges, raw, all commercial varieties",0900,Fruits and Fruit Juices,307,0
09200,169097,"Oranges, raw, all commercial varieties",0900,Fruits and Fruit Juices,601,0
09200,169097,"Oranges, raw, all commercial varieties",0900,Fruits and Fruit Juices,606,0.015
09316,167762,"Strawberries, raw",0900,Fruits and Fruit Juices,203,0.67
09316,167762,"Strawberries, raw",0900,Fruits and Fruit Juices,204,0.3
09316,167762,"Strawberries, raw",0900,Fruits and Fruit Juices,205,7.68
09316,167762,"Strawberries, raw",0900,Fruits and Fruit Juices,208,32
09316,167762,"Strawberries, raw",0900,Fruits and Fruit Juices,269,4.89
09316,167762,"Strawberries, raw",0900,Fruits and Fruit Juices,291,2
09316,167762,"Strawberries, raw",0900,Fruits and Fruit Juices,306,153
09316,167762,"Strawberries, raw",0900,Fruits and Fruit Juices,307,1
09316,167762,"Strawberries, raw",0900,Fruits and Fruit Juices,601,0
09316,167762,"Strawberries, raw",0900,Fruits and Fruit Juices,606,0.015
09326,167765,"Watermelon, raw",0900,Fruits and Fruit Juices,203,0.61
09326,167765,"Watermelon, raw",0900,Fruits and Fruit Juices,204,0.15
09326,167765,"Watermelon, raw",0900,Fruits and Fruit Juices,205,7.55
09326,167765,"Watermelon, raw",0900,Fruits and Fruit Juices,208,30
09326,167765,"Watermelon, raw",0900,Fruits and Fruit Juices,269,6.2
09326,167765,"Watermelon, raw",0900,Fruits and Fruit Juices,291,0.4
09326,167765,"Watermelon, raw",0900,Fruits and Fruit Juices,306,112
09326,167765,"Watermelon, raw",0900,Fruits and Fruit Juices,307,1
09326,167765,"Watermelon, raw",0900,Fruits and Fruit Juices,601,0
09326,167765,"Watermelon, raw",0900,Fruits and Fruit Juices,606,0.016
11124,170393,"Carrots, raw",1100,Vegetables and Vegetable Products,203,0.93
11124,170393,"Carrots, raw",1100,Vegetables and Vegetable Products,204,0.24
11124,170393,"Carrots, raw",1100,Vegetables and Vegetable Products,205,9.58
11124,170393,"Carrots, raw",1100,Vegetables and Vegetable Products,208,41
11124,170393,"Carrots, raw",1100,Vegetables and Vegetable Products,269,4.74
11124,170393,"Carrots, raw",1100,Vegetables and Vegetable Products,291,2.8
11124,170393,"Carrots, raw",1100,Vegetables and Vegetable Products,306,320
11124,170393,"Carrots, raw",1100,Vegetables and Vegetable Products,307,69
11124,170393,"Carrots, raw",1100,Vegetables and Vegetable Products,601,0
11124,170393,"Carrots, raw",1100,Vegetables and Vegetable Products,606,0.032
11205,168409,"Cucumber, with peel, raw",1100,Vegetables and Vegetable Products,203,0.65
11205,168409,"Cucumber, with peel, raw",1100,Vegetables and Vegetable Products,204,0.11
11205,168409,"Cucumber, with peel, raw",1100,Vegetables and Vegetable Products,205,3.63
11205,168409,"Cucumber, with peel, raw",1100,Vegetables and Vegetable Products,208,15
11205,168409,"Cucumber, with peel, raw",1100,Vegetables and Vegetable Products,269,1.67
11205,168409,"Cucumber, with peel, raw",1100,Vegetables and Vegetable Products,291,0.5
11205,168409,"Cucumber, with peel, raw",1100,Vegetables and Vegetable Products,306,147
11205,168409,"Cucumber, with peel, raw",1100,Vegetables and Vegetable Products,307,2
11205,168409,"Cucumber, with peel, raw",1100,Vegetables and Vegetable Products,601,0
11205,168409,"Cucumber, with peel, raw",1100,Vegetables and Vegetable Products,606,0.037
11215,169230,"Garlic, raw",1100,Vegetables and Vegetable Products,203,6.36
11215,169230,"Garlic, raw",1100,Vegetables and Vegetable Products,204,0.5
11215,169230,"Garlic, raw",1100,Vegetables and Vegetable Products,205,33.06
11215,169230,"Garlic, raw",1100,Vegetables and Vegetable Products,208,149
11215,169230,"Garlic, raw",1100,Vegetables and Vegetable Products,269,1
11215,169230,"Garlic, raw",1100,Vegetables and Vegetable Products,291,2.1
11215,169230,"Garlic, raw",1100,Vegetables and Vegetable Products,306,401
11215,169230,"Garlic, raw",1100,Vegetables and Vegetable Products,307,17
11215,169230,"Garlic, raw",1100,Vegetables and Vegetable Products,601,0
11215,169230,"Garlic, raw",1100,Vegetables and Vegetable Products,606,0.089
11251,169247,"Lettuce, cos or romaine, raw",1100,Vegetables and Vegetable Products,203,1.23
11251,169247,"Lettuce, cos or romaine, raw",1100,Vegetables and Vegetable Products,204,0.3
11251,169247,"Lettuce, cos or romaine, raw",1100,Vegetables and Vegetable Products,205,3.29
11251,169247,"Lettuce, cos or romaine, raw",1100,Vegetables and Vegetable Products,208,17
11251,169247,"Lettuce, cos or romaine, raw",1100,Vegetables and Vegetable Products,269,1.19
11251,169247,"Lettuce, cos or romaine, raw",1100,Vegetables and Vegetable Products,291,2.1
11251,169247,"Lettuce, cos or romaine, raw",1100,Vegetables and Vegetable Products,306,247
11251,169247,"Lettuce, cos or romaine, raw",1100,Vegetables and Vegetable Products,307,8
11251,169247,"Lettuce, cos or romaine, raw",1100,Vegetables and Vegetable Products,601,0
11251,169247,"Lettuce, cos or romaine, raw",1100,Vegetables and Vegetable Products,606,0.039
11278,169260,"Okra, raw",1100,Vegetables and Vegetable Products,203,1.93
11278,169260,"Okra, raw",1100,Vegetables and Vegetable Products,204,0.19
11278,169260,"Okra, raw",1100,Vegetables and Vegetable Products,205,7.45
11278,169260,"Okra, raw",1100,Vegetables and Vegetable Products,208,33
11278,169260,"Okra, raw",1100,Vegetables and Vegetable Products,269,1.48
11278,169260,"Okra, raw",1100,Vegetables and Vegetable Products,291,3.2
11278,169260,"Okra, raw",1100,Vegetables and Vegetable Products,306,299
11278,169260,"Okra, raw",1100,Vegetables and Vegetable Products,307,7
11278,169260,"Okra, raw",1100,Vegetables and Vegetable Products,601,0
11278,169260,"Okra, raw",1100,Vegetables and Vegetable Products,606,0.026
11282,170000,"Onions, raw",1100,Vegetables and Vegetable Products,203,1.1
11282,170000,"Onions, raw",1100,Vegetables and Vegetable Products,204,0.1
11282,170000,"Onions, raw",1100,Vegetables and Vegetable Products,205,9.34
11282,170000,"Onions, raw",1100,Vegetables and Vegetable Products,208,40
11282,170000,"Onions, raw",1100,Vegetables and Vegetable Products,269,4.24
11282,170000,"Onions, raw",1100,Vegetables and Vegetable Products,291,1.7
11282,170000,"Onions, raw",1100,Vegetables and Vegetable Products,306,146
11282,170000,"Onions, raw",1100,Vegetables and Vegetable Products,307,4
11282,170000,"Onions, raw",1100,Vegetables and Vegetable Products,601,0
11282,170000,"Onions, raw",1100,Vegetables and Vegetable Products,606,0.042
11297,170416,"Parsley, fresh",1100,Vegetables and Vegetable Products,203,2.97
11297,170416,"Parsley, fresh",1100,Vegetables and Vegetable Products,204,0.79
11297,170416,"Parsley, fresh",1100,Vegetables and Vegetable Products,205,6.33
11297,170416,"Parsley, fresh",1100,Vegetables and Vegetable Products,208,36
11297,170416,"Parsley, fresh",1100,Vegetables and Vegetable Products,269,0.85
11297,170416,"Parsley, fresh",1100,Vegetables and Vegetable Products,291,3.3
11297,170416,"Parsley, fresh",1100,Vegetables and Vegetable Products,306,554
11297,170416,"Parsley, fresh",1100,Vegetables and Vegetable Products,307,56
11297,170416,"Parsley, fresh",1100,Vegetables and Vegetable Products,601,0
11297,170416,"Parsley, fresh",1100,Vegetables and Vegetable Products,606,0.132
11304,170419,"Peas, green, raw",1100,Vegetables and Vegetable Products,203,5.42
11304,170419,"Peas, green, raw",1100,Vegetables and Vegetable Products,204,0.4
11304,170419,"Peas, green, raw",1100,Vegetables and Vegetable Products,205,14.45
11304,170419,"Peas, green, raw",1100,Vegetables and Vegetable Products,208,81
11304,170419,"Peas, green, raw",1100,Vegetables and Vegetable Products,269,5.67
11304,170419,"Peas, green, raw",1100,Vegetables and Vegetable Products,291,5.7
11304,170419,"Peas, green, raw",1100,Vegetables and Vegetable Products,306,244
11304,170419,"Peas, green, raw",1100,Vegetables and Vegetable Products,307,5
11304,170419,"Peas, green, raw",1100,Vegetables and Vegetable Products,601,0
11304,170419,"Peas, green, raw",1100,Vegetables and Vegetable Products,606,0.071
11333,170427,"Peppers, sweet, green, raw",1100,Vegetables and Vegetable Products,203,0.86
11333,170427,"Peppers, sweet, green, raw",1100,Vegetables and Vegetable Products,204,0.17
11333,170427,"Peppers, sweet, green, raw",1100,Vegetables and Vegetable Products,205,4.64
11333,170427,"Peppers, sweet, green, raw",1100,Vegetables and Vegetable Products,208,20
11333,170427,"Peppers, sweet, green, raw",1100,Vegetables and Vegetable Products,269,2.4
11333,170427,"Peppers, sweet, green, raw",1100,Vegetables and Vegetable Products,291,1.7
11333,170427,"Peppers, sweet, green, raw",1100,Vegetables and Vegetable Products,306,175
11333,170427,"Peppers, sweet, green, raw",1100,Vegetables and Vegetable Products,307,3
11333,170427,"Peppers, sweet, green, raw",1100,Vegetables and Vegetable Products,601,0
11333,170427,"Peppers, sweet, green, raw",1100,Vegetables and Vegetable Products,606,0.058
11352,170026,"Potatoes, flesh and skin, raw",1100,Vegetables and Vegetable Products,203,2.05
11352,170026,"Potatoes, flesh and skin, raw",1100,Vegetables and Vegetable Products,204,0.09
11352,170026,"Potatoes, flesh and skin, raw",1100,Vegetables and Vegetable Products,205,17.49
11352,170026,"Potatoes, flesh and skin, raw",1100,Vegetables and Vegetable Products,208,77
11352,170026,"Potatoes, flesh and skin, raw",1100,Vegetables and Vegetable Products,269,0.82
11352,170026,"Potatoes, flesh and skin, raw",1100,Vegetables and Vegetable Products,291,2.1
11352,170026,"Potatoes, flesh and skin, raw",1100,Vegetables and Vegetable Products,306,425
11352,170026,"Potatoes, flesh and skin, raw",1100,Vegetables and Vegetable Products,307,6
11352,170026,"Potatoes, flesh and skin, raw",1100,Vegetables and Vegetable Products,601,0
11352,170026,"Potatoes, flesh and skin, raw",1100,Vegetables and Vegetable Products,606,0.025
11422,168448,"Pumpkin, raw",1100,Vegetables and Vegetable Products,203,1
11422,168448,"Pumpkin, raw",1100,Vegetables and Vegetable Products,204,0.1
11422,168448,"Pumpkin, raw",1100,Vegetables and Vegetable Products,205,6.5
11422,168448,"Pumpkin, raw",1100,Vegetables and Vegetable Products,208,26
11422,168448,"Pumpkin, raw",1100,Vegetables and Vegetable Products,269,2.76
11422,168448,"Pumpkin, raw",1100,Vegetables and Vegetable Products,291,0.5
11422,168448,"Pumpkin, raw",1100,Vegetables and Vegetable Products,306,340
11422,168448,"Pumpkin, raw",1100,Vegetables and Vegetable Products,307,1
11422,168448,"Pumpkin, raw",1100,Vegetables and Vegetable Products,601,0
11422,168448,"Pumpkin, raw",1100,Vegetables and Vegetable Products,606,0.052
11529,170457,"Tomatoes, red, ripe, raw, year round average",1100,Vegetables and Vegetable Products,203,0.88
11529,170457,"Tomatoes, red, ripe, raw, year round average",1100,Vegetables and Vegetable Products,204,0.2
11529,170457,"Tomatoes, red, ripe, raw, year round average",1100,Vegetables and Vegetable Products,205,3.89
11529,170457,"Tomatoes, red, ripe, raw, year round average",1100,Vegetables and Vegetable Products,208,18
11529,170457,"Tomatoes, red, ripe, raw, year round average",1100,Vegetables and Vegetable Products,269,2.63
11529,170457,"Tomatoes, red, ripe, raw, year round average",1100,Vegetables and Vegetable Products,291,1.2
11529,170457,"Tomatoes, red, ripe, raw, year round average",1100,Vegetables and Vegetable Products,306,237
11529,170457,"Tomatoes, red, ripe, raw, year round average",1100,Vegetables and Vegetable Products,307,5
11529,170457,"Tomatoes, red, ripe, raw, year round average",1100,Vegetables and Vegetable Products,601,0
11529,170457,"Tomatoes, red, ripe, raw, year round average",1100,Vegetables and Vegetable Products,606,0.028
11531,170051,"Tomatoes, red, ripe, canned, packed in tomato juice",1100,Vegetables and Vegetable Products,203,0.79
11531,170051,"Tomatoes, red, ripe, canned, packed in tomato juice",1100,Vegetables and Vegetable Products,204,0.25
11531,170051,"Tomatoes, red, ripe, canned, packed in tomato juice",1100,Vegetables and Vegetable Products,205,3.47
11531,170051,"Tomatoes, red, ripe, canned, packed in tomato juice",1100,Vegetables and Vegetable Products,208,16
11531,170051,"Tomatoes, red, ripe, canned, packed in tomato juice",1100,Vegetables and Vegetable Products,269,2.55
11531,170051,"Tomatoes, red, ripe, canned, packed in tomato juice",1100,Vegetables and Vegetable Products,291,1.9
11531,170051,"Tomatoes, red, ripe, canned, packed in tomato juice",1100,Vegetables and Vegetable Products,306,191
11531,170051,"Tomatoes, red, ripe, canned, packed in tomato juice",1100,Vegetables and Vegetable Products,307,115
11531,170051,"Tomatoes, red, ripe, canned, packed in tomato juice",1100,Vegetables and Vegetable Products,601,0
11531,170051,"Tomatoes, red, ripe, canned, packed in tomato juice",1100,Vegetables and Vegetable Products,606,0.034
11546,170459,"Tomato products, canned, paste, without salt added (Includes foods for USDA's Food Distribution Program)",1100,Vegetables and Vegetable Products,203,4.32
11546,170459,"Tomato products, canned, paste, without salt added (Includes foods for USDA's Food Distribution Program)",1100,Vegetables and Vegetable Products,204,0.47
11546,170459,"Tomato products, canned, paste, without salt added (Includes foods for USDA's Food Distribution Program)",1100,Vegetables and Vegetable Products,205,18.91
11546,170459,"Tomato products, canned, paste, without salt added (Includes foods for USDA's Food Distribution Program)",1100,Vegetables and Vegetable Products,208,82
11546,170459,"Tomato products, canned, paste, without salt added (Includes foods for USDA's Food Distribution Program)",1100,Vegetables and Vegetable Products,269,12.18
11546,170459,"Tomato products, canned, paste, without salt added (Includes foods for USDA's Food Distribution Program)",1100,Vegetables and Vegetable Products,291,4.1
11546,170459,"Tomato products, canned, paste, without salt added (Includes foods for USDA's Food Distribution Program)",1100,Vegetables and Vegetable Products,306,1014
11546,170459,"Tomato products, canned, paste, without salt added (Includes foods for USDA's Food Distribution Program)",1100,Vegetables and Vegetable Products,307,59
11546,170459,"Tomato products, canned, paste, without salt added (Includes foods for USDA's Food Distribution Program)",1100,Vegetables and Vegetable Products,601,0
11546,170459,"Tomato products, canned, paste, without salt added (Includes foods for USDA's Food Distribution Program)",1100,Vegetables and Vegetable Products,606,0.1
11670,170497,"Peppers, hot chili, green, raw",1100,Vegetables and Vegetable Products,203,2
11670,170497,"Peppers, hot chili, green, raw",1100,Vegetables and Vegetable Products,204,0.2
11670,170497,"Peppers, hot chili, green, raw",1100,Vegetables and Vegetable Products,205,9.46
11670,170497,"Peppers, hot chili, green, raw",1100,Vegetables and Vegetable Products,208,40
11670,170497,"Peppers, hot chili, green, raw",1100,Vegetables and Vegetable Products,269,5.1
11670,170497,"Peppers, hot chili, green, raw",1100,Vegetables and Vegetable Products,291,1.5
11670,170497,"Peppers, hot chili, green, raw",1100,Vegetables and Vegetable Products,306,340
11670,170497,"Peppers, hot chili, green, raw",1100,Vegetables and Vegetable Products,307,7
11670,170497,"Peppers, hot chili, green, raw",1100,Vegetables and Vegetable Products,601,0
11670,170497,"Peppers, hot chili, green, raw",1100,Vegetables and Vegetable Products,606,0.021
12061,170567,"Nuts, almonds",1200,Nut and Seed Products,203,21.15
12061,170567,"Nuts, almonds",1200,Nut and Seed Products,204,49.93
12061,170567,"Nuts, almonds",1200,Nut and Seed Products,205,21.55
12061,170567,"Nuts, almonds",1200,Nut and Seed Products,208,579
12061,170567,"Nuts, almonds",1200,Nut and Seed Products,269,4.35
12061,170567,"Nuts, almonds",1200,Nut and Seed Products,291,12.5
12061,170567,"Nuts, almonds",1200,Nut and Seed Products,306,733
12061,170567,"Nuts, almonds",1200,Nut and Seed Products,307,1
12061,170567,"Nuts, almonds",1200,Nut and Seed Products,601,0
12061,170567,"Nuts, almonds",1200,Nut and Seed Products,606,3.802
12155,170187,"Nuts, walnuts, english",1200,Nut and Seed Products,203,15.23
12155,170187,"Nuts, walnuts, english",1200,Nut and Seed Products,204,65.21
12155,170187,"Nuts, walnuts, english",1200,Nut and Seed Products,205,13.71
12155,170187,"Nuts, walnuts, english",1200,Nut and Seed Products,208,654
12155,170187,"Nuts, walnuts, english",1200,Nut and Seed Products,269,2.61
12155,170187,"Nuts, walnuts, english",1200,Nut and Seed Products,291,6.7
12155,170187,"Nuts, walnuts, english",1200,Nut and Seed Products,306,441
12155,170187,"Nuts, walnuts, english",1200,Nut and Seed Products,307,2
12155,170187,"Nuts, walnuts, english",1200,Nut and Seed Products,601,0
12155,170187,"Nuts, walnuts, english",1200,Nut and Seed Products,606,6.126
12166,170189,"Seeds, sesame butter, tahini, from roasted and toasted kernels (most common type)",1200,Nut and Seed Products,203,17
12166,170189,"Seeds, sesame butter, tahini, from roasted and toasted kernels (most common type)",1200,Nut and Seed Products,204,53.76
12166,170189,"Seeds, sesame butter, tahini, from roasted and toasted kernels (most common type)",1200,Nut and Seed Products,205,21.19
12166,170189,"Seeds, sesame butter, tahini, from roasted and toasted kernels (most common type)",1200,Nut and Seed Products,208,595
12166,170189,"Seeds, sesame butter, tahini, from roasted and toasted kernels (most common type)",1200,Nut and Seed Products,269,0.49
12166,170189,"Seeds, sesame butter, tahini, from roasted and toasted kernels (most common type)",1200,Nut and Seed Products,291,9.3
12166,170189,"Seeds, sesame butter, tahini, from roasted and toasted kernels (most common type)",1200,Nut and Seed Products,306,414
12166,170189,"Seeds, sesame butter, tahini, from roasted and toasted kernels (most common type)",1200,Nut and Seed Products,307,115
12166,170189,"Seeds, sesame butter, tahini, from roasted and toasted kernels (most common type)",1200,Nut and Seed Products,601,0
12166,170189,"Seeds, sesame butter, tahini, from roasted and toasted kernels (most common type)",1200,Nut and Seed Products,606,7.529
14555,174158,"Water, bottled, generic",1400,Beverages,203,0
14555,174158,"Water, bottled, generic",1400,Beverages,204,0
14555,174158,"Water, bottled, generic",1400,Beverages,205,0
14555,174158,"Water, bottled, generic",1400,Beverages,208,0
14555,174158,"Water, bottled, generic",1400,Beverages,269,0
14555,174158,"Water, bottled, generic",1400,Beverages,291,0
14555,174158,"Water, bottled, generic",1400,Beverages,306,0
14555,174158,"Water, bottled, generic",1400,Beverages,307,2
14555,174158,"Water, bottled, generic",1400,Beverages,601,0
14555,174158,"Water, bottled, generic",1400,Beverages,606,0
15121,173709,"Fish, tuna, light, canned in water, drained solids (Includes foods for USDA's Food Distribution Program)",1500,Finfish and Shellfish Products,203,19.44
15121,173709,"Fish, tuna, light, canned in water, drained solids (Includes foods for USDA's Food Distribution Program)",1500,Finfish and Shellfish Products,204,0.96
15121,173709,"Fish, tuna, light, canned in water, drained solids (Includes foods for USDA's Food Distribution Program)",1500,Finfish and Shellfish Products,205,0
15121,173709,"Fish, tuna, light, canned in water, drained solids (Includes foods for USDA's Food Distribution Program)",1500,Finfish and Shellfish Products,208,86
15121,173709,"Fish, tuna, light, canned in water, drained solids (Includes foods for USDA's Food Distribution Program)",1500,Finfish and Shellfish Products,269,0
15121,173709,"Fish, tuna, light, canned in water, drained solids (Includes foods for USDA's Food Distribution Program)",1500,Finfish and Shellfish Products,291,0
15121,173709,"Fish, tuna, light, canned in water, drained solids (Includes foods for USDA's Food Distribution Program)",1500,Finfish and Shellfish Products,306,179
15121,173709,"Fish, tuna, light, canned in water, drained solids (Includes foods for USDA's Food Distribution Program)",1500,Finfish and Shellfish Products,307,247
15121,173709,"Fish, tuna, light, canned in water, drained solids (Includes foods for USDA's Food Distribution Program)",1500,Finfish and Shellfish Products,601,36
15121,173709,"Fish, tuna, light, canned in water, drained solids (Includes foods for USDA's Food Distribution Program)",1500,Finfish and Shellfish Products,606,0.211
15261,175176,"Fish, tilapia, raw",1500,Finfish and Shellfish Products,203,20.08
15261,175176,"Fish, tilapia, raw",1500,Finfish and Shellfish Products,204,1.7
15261,175176,"Fish, tilapia, raw",1500,Finfish and Shellfish Products,205,0
15261,175176,"Fish, tilapia, raw",1500,Finfish and Shellfish Products,208,96
15261,175176,"Fish, tilapia, raw",1500,Finfish and Shellfish Products,269,0
15261,175176,"Fish, tilapia, raw",1500,Finfish and Shellfish Products,291,0
15261,175176,"Fish, tilapia, raw",1500,Finfish and Shellfish Products,306,302
15261,175176,"Fish, tilapia, raw",1500,Finfish and Shellfish Products,307,52
15261,175176,"Fish, tilapia, raw",1500,Finfish and Shellfish Products,601,50
15261,175176,"Fish, tilapia, raw",1500,Finfish and Shellfish Products,606,0.585
16051,175204,"Beans, white, mature seeds, canned",1600,Legumes and Legume Products,203,7.26
16051,175204,"Beans, white, mature seeds, canned",1600,Legumes and Legume Products,204,0.29
16051,175204,"Beans, white, mature seeds, canned",1600,Legumes and Legume Products,205,21.2
16051,175204,"Beans, white, mature seeds, canned",1600,Legumes and Legume Products,208,114
16051,175204,"Beans, white, mature seeds, canned",1600,Legumes and Legume Products,269,0.29
16051,175204,"Beans, white, mature seeds, canned",1600,Legumes and Legume Products,291,4.8
16051,175204,"Beans, white, mature seeds, canned",1600,Legumes and Legume Products,306,454
16051,175204,"Beans, white, mature seeds, canned",1600,Legumes and Legume Products,307,340
16051,175204,"Beans, white, mature seeds, canned",1600,Legumes and Legume Products,601,0
16051,175204,"Beans, white, mature seeds, canned",1600,Legumes and Legume Products,606,0.074
16052,175205,"Broadbeans (fava beans), mature seeds, raw",1600,Legumes and Legume Products,203,26.12
16052,175205,"Broadbeans (fava beans), mature seeds, raw",1600,Legumes and Legume Products,204,1.53
16052,175205,"Broadbeans (fava beans), mature seeds, raw",1600,Legumes and Legume Products,205,58.29
16052,175205,"Broadbeans (fava beans), mature seeds, raw",1600,Legumes and Legume Products,208,341
16052,175205,"Broadbeans (fava beans), mature seeds, raw",1600,Legumes and Legume Products,269,5.7
16052,175205,"Broadbeans (fava beans), mature seeds, raw",1600,Legumes and Legume Products,291,25
16052,175205,"Broadbeans (fava beans), mature seeds, raw",1600,Legumes and Legume Products,306,1062
16052,175205,"Broadbeans (fava beans), mature seeds, raw",1600,Legumes and Legume Products,307,13
16052,175205,"Broadbeans (fava beans), mature seeds, raw",1600,Legumes and Legume Products,601,0
16052,175205,"Broadbeans (fava beans), mature seeds, raw",1600,Legumes and Legume Products,606,0.254
16069,172420,"Lentils, raw",1600,Legumes and Legume Products,203,24.63
16069,172420,"Lentils, raw",1600,Legumes and Legume Products,204,1.06
16069,172420,"Lentils, raw",1600,Legumes and Legume Products,205,63.35
16069,172420,"Lentils, raw",1600,Legumes and Legume Products,208,352
16069,172420,"Lentils, raw",1600,Legumes and Legume Products,269,2.03
16069,172420,"Lentils, raw",1600,Legumes and Legume Products,291,10.7
16069,172420,"Lentils, raw",1600,Legumes and Legume Products,306,677
16069,172420,"Lentils, raw",1600,Legumes and Legume Products,307,6
16069,172420,"Lentils, raw",1600,Legumes and Legume Products,601,0
16069,172420,"Lentils, raw",1600,Legumes and Legume Products,606,0.154
16358,173800,"Chickpeas (garbanzo beans, bengal gram), mature seeds, canned, drained solids",1600,Legumes and Legume Products,203,7.05
16358,173800,"Chickpeas (garbanzo beans, bengal gram), mature seeds, canned, drained solids",1600,Legumes and Legume Products,204,2.77
16358,173800,"Chickpeas (garbanzo beans, bengal gram), mature seeds, canned, drained solids",1600,Legumes and Legume Products,205,22.53
16358,173800,"Chickpeas (garbanzo beans, bengal gram), mature seeds, canned, drained solids",1600,Legumes and Legume Products,208,139
16358,173800,"Chickpeas (garbanzo beans, bengal gram), mature seeds, canned, drained solids",1600,Legumes and Legume Products,269,4.01
16358,173800,"Chickpeas (garbanzo beans, bengal gram), mature seeds, canned, drained solids",1600,Legumes and Legume Products,291,6.4
16358,173800,"Chickpeas (garbanzo beans, bengal gram), mature seeds, canned, drained solids",1600,Legumes and Legume Products,306,126
16358,173800,"Chickpeas (garbanzo beans, bengal gram), mature seeds, canned, drained solids",1600,Legumes and Legume Products,307,246
16358,173800,"Chickpeas (garbanzo beans, bengal gram), mature seeds, canned, drained solids",1600,Legumes and Legume Products,601,0
16358,173800,"Chickpeas (garbanzo beans, bengal gram), mature seeds, canned, drained solids",1600,Legumes and Legume Products,606,0.214
16398,172470,"Peanut butter, smooth style, without salt",1600,Legumes and Legume Products,203,22.21
16398,172470,"Peanut butter, smooth style, without salt",1600,Legumes and Legume Products,204,51.36
16398,172470,"Peanut butter, smooth style, without salt",1600,Legumes and Legume Products,205,22.31
16398,172470,"Peanut butter, smooth style, without salt",1600,Legumes and Legume Products,208,598
16398,172470,"Peanut butter, smooth style, without salt",1600,Legumes and Legume Products,269,10.49
16398,172470,"Peanut butter, smooth style, without salt",1600,Legumes and Legume Products,291,5
16398,172470,"Peanut butter, smooth style, without salt",1600,Legumes and Legume Products,306,558
16398,172470,"Peanut butter, smooth style, without salt",1600,Legumes and Legume Products,307,17
16398,172470,"Peanut butter, smooth style, without salt",1600,Legumes and Legume Products,601,0
16398,172470,"Peanut butter, smooth style, without salt",1600,Legumes and Legume Products,606,10.325
17039,174326,"Lamb, shoulder, whole (arm and blade), separable lean only, trimmed to 1/4"" fat, choice, raw",1700,"Lamb, Veal, and Game Products",203,19.55
17039,174326,"Lamb, shoulder, whole (arm and blade), separable lean only, trimmed to 1/4"" fat, choice, raw",1700,"Lamb, Veal, and Game Products",204,6.76
17039,174326,"Lamb, shoulder, whole (arm and blade), separable lean only, trimmed to 1/4"" fat, choice, raw",1700,"Lamb, Veal, and Game Products",205,0
17039,174326,"Lamb, shoulder, whole (arm and blade), separable lean only, trimmed to 1/4"" fat, choice, raw",1700,"Lamb, Veal, and Game Products",208,144
17039,174326,"Lamb, shoulder, whole (arm and blade), separable lean only, trimmed to 1/4"" fat, choice, raw",1700,"Lamb, Veal, and Game Products",269,0
17039,174326,"Lamb, shoulder, whole (arm and blade), separable lean only, trimmed to 1/4"" fat, choice, raw",1700,"Lamb, Veal, and Game Products",291,0
17039,174326,"Lamb, shoulder, whole (arm and blade), separable lean only, trimmed to 1/4"" fat, choice, raw",1700,"Lamb, Veal, and Game Products",306,274
17039,174326,"Lamb, shoulder, whole (arm and blade), separable lean only, trimmed to 1/4"" fat, choice, raw",1700,"Lamb, Veal, and Game Products",307,70
17039,174326,"Lamb, shoulder, whole (arm and blade), separable lean only, trimmed to 1/4"" fat, choice, raw",1700,"Lamb, Veal, and Game Products",601,66
17039,174326,"Lamb, shoulder, whole (arm and blade), separable lean only, trimmed to 1/4"" fat, choice, raw",1700,"Lamb, Veal, and Game Products",606,2.42
18042,174916,"Bread, pita, whole-wheat",1800,Baked Products,203,9.8
18042,174916,"Bread, pita, whole-wheat",1800,Baked Products,204,1.71
18042,174916,"Bread, pita, whole-wheat",1800,Baked Products,205,55.89
18042,174916,"Bread, pita, whole-wheat",1800,Baked Products,208,262
18042,174916,"Bread, pita, whole-wheat",1800,Baked Products,269,2.87
18042,174916,"Bread, pita, whole-wheat",1800,Baked Products,291,6.1
18042,174916,"Bread, pita, whole-wheat",1800,Baked Products,306,170
18042,174916,"Bread, pita, whole-wheat",1800,Baked Products,307,421
18042,174916,"Bread, pita, whole-wheat",1800,Baked Products,601,0
18042,174916,"Bread, pita, whole-wheat",1800,Baked Products,606,0.208
18075,172688,"Bread, whole-wheat, commercially prepared",1800,Baked Products,203,12.45
18075,172688,"Bread, whole-wheat, commercially prepared",1800,Baked Products,204,3.5
18075,172688,"Bread, whole-wheat, commercially prepared",1800,Baked Products,205,42.71
18075,172688,"Bread, whole-wheat, commercially prepared",1800,Baked Products,208,252
18075,172688,"Bread, whole-wheat, commercially prepared",1800,Baked Products,269,4.34
18075,172688,"Bread, whole-wheat, commercially prepared",1800,Baked Products,291,6
18075,172688,"Bread, whole-wheat, commercially prepared",1800,Baked Products,306,254
18075,172688,"Bread, whole-wheat, commercially prepared",1800,Baked Products,307,455
18075,172688,"Bread, whole-wheat, commercially prepared",1800,Baked Products,601,0
18075,172688,"Bread, whole-wheat, commercially prepared",1800,Baked Products,606,0.722
19296,169640,Honey,1900,Sweets,203,0.3
19296,169640,Honey,1900,Sweets,204,0
19296,169640,Honey,1900,Sweets,205,82.4
19296,169640,Honey,1900,Sweets,208,304
19296,169640,Honey,1900,Sweets,269,82.12
19296,169640,Honey,1900,Sweets,291,0.2
19296,169640,Honey,1900,Sweets,306,52
19296,169640,Honey,1900,Sweets,307,4
19296,169640,Honey,1900,Sweets,601,0
19296,169640,Honey,1900,Sweets,606,0
20012,170688,"Bulgur, dry",2000,Cereal Grains and Pasta,203,12.29
20012,170688,"Bulgur, dry",2000,Cereal Grains and Pasta,204,1.33
20012,170688,"Bulgur, dry",2000,Cereal Grains and Pasta,205,75.87
20012,170688,"Bulgur, dry",2000,Cereal Grains and Pasta,208,342
20012,170688,"Bulgur, dry",2000,Cereal Grains and Pasta,269,0.41
20012,170688,"Bulgur, dry",2000,Cereal Grains and Pasta,291,12.5
20012,170688,"Bulgur, dry",2000,Cereal Grains and Pasta,306,410
20012,170688,"Bulgur, dry",2000,Cereal Grains and Pasta,307,17
20012,170688,"Bulgur, dry",2000,Cereal Grains and Pasta,601,0
20012,170688,"Bulgur, dry",2000,Cereal Grains and Pasta,606,0.232
20029,169700,"Couscous, cooked",2000,Cereal Grains and Pasta,203,3.79
20029,169700,"Couscous, cooked",2000,Cereal Grains and Pasta,204,0.16
20029,169700,"Couscous, cooked",2000,Cereal Grains and Pasta,205,23.22
20029,169700,"Couscous, cooked",2000,Cereal Grains and Pasta,208,112
20029,169700,"Couscous, cooked",2000,Cereal Grains and Pasta,269,0.1
20029,169700,"Couscous, cooked",2000,Cereal Grains and Pasta,291,1.4
20029,169700,"Couscous, cooked",2000,Cereal Grains and Pasta,306,58
20029,169700,"Couscous, cooked",2000,Cereal Grains and Pasta,307,5
20029,169700,"Couscous, cooked",2000,Cereal Grains and Pasta,601,0
20029,169700,"Couscous, cooked",2000,Cereal Grains and Pasta,606,0.029
20044,168877,"Rice, white, long-grain, regular, raw, enriched",2000,Cereal Grains and Pasta,203,7.13
20044,168877,"Rice, white, long-grain, regular, raw, enriched",2000,Cereal Grains and Pasta,204,0.66
20044,168877,"Rice, white, long-grain, regular, raw, enriched",2000,Cereal Grains and Pasta,205,79.95
20044,168877,"Rice, white, long-grain, regular, raw, enriched",2000,Cereal Grains and Pasta,208,365
20044,168877,"Rice, white, long-grain, regular, raw, enriched",2000,Cereal Grains and Pasta,269,0.12
20044,168877,"Rice, white, long-grain, regular, raw, enriched",2000,Cereal Grains and Pasta,291,1.3
20044,168877,"Rice, white, long-grain, regular, raw, enriched",2000,Cereal Grains and Pasta,306,115
20044,168877,"Rice, white, long-grain, regular, raw, enriched",2000,Cereal Grains and Pasta,307,5
20044,168877,"Rice, white, long-grain, regular, raw, enriched",2000,Cereal Grains and Pasta,601,0
20044,168877,"Rice, white, long-grain, regular, raw, enriched",2000,Cereal Grains and Pasta,606,0.18
20081,168894,"Wheat flour, white, all-purpose, enriched, bleached",2000,Cereal Grains and Pasta,203,10.33
20081,168894,"Wheat flour, white, all-purpose, enriched, bleached",2000,Cereal Grains and Pasta,204,0.98
20081,168894,"Wheat flour, white, all-purpose, enriched, bleached",2000,Cereal Grains and Pasta,205,76.31
20081,168894,"Wheat flour, white, all-purpose, enriched, bleached",2000,Cereal Grains and Pasta,208,364
20081,168894,"Wheat flour, white, all-purpose, enriched, bleached",2000,Cereal Grains and Pasta,269,0.27
20081,168894,"Wheat flour, white, all-purpose, enriched, bleached",2000,Cereal Grains and Pasta,291,2.7
20081,168894,"Wheat flour, white, all-purpose, enriched, bleached",2000,Cereal Grains and Pasta,306,107
20081,168894,"Wheat flour, white, all-purpose, enriched, bleached",2000,Cereal Grains and Pasta,307,2
20081,168894,"Wheat flour, white, all-purpose, enriched, bleached",2000,Cereal Grains and Pasta,601,0
20081,168894,"Wheat flour, white, all-purpose, enriched, bleached",2000,Cereal Grains and Pasta,606,0.155
20120,169736,"Pasta, dry, enriched",2000,Cereal Grains and Pasta,203,13.04
20120,169736,"Pasta, dry, enriched",2000,Cereal Grains and Pasta,204,1.51
20120,169736,"Pasta, dry, enriched",2000,Cereal Grains and Pasta,205,74.67
20120,169736,"Pasta, dry, enriched",2000,Cereal Grains and Pasta,208,371
20120,169736,"Pasta, dry, enriched",2000,Cereal Grains and Pasta,269,2.67
20120,169736,"Pasta, dry, enriched",2000,Cereal Grains and Pasta,291,3.2
20120,169736,"Pasta, dry, enriched",2000,Cereal Grains and Pasta,306,223
20120,169736,"Pasta, dry, enriched",2000,Cereal Grains and Pasta,307,6
20120,169736,"Pasta, dry, enriched",2000,Cereal Grains and Pasta,601,0
20120,169736,"Pasta, dry, enriched",2000,Cereal Grains and Pasta,606,0.277
20130,169739,Barley flour or meal,2000,Cereal Grains and Pasta,203,10.5
20130,169739,Barley flour or meal,2000,Cereal Grains and Pasta,204,1.6
20130,169739,Barley flour or meal,2000,Cereal Grains and Pasta,205,74.52
20130,169739,Barley flour or meal,2000,Cereal Grains and Pasta,208,345
20130,169739,Barley flour or meal,2000,Cereal Grains and Pasta,269,0.8
20130,169739,Barley flour or meal,2000,Cereal Grains and Pasta,291,10.1
20130,169739,Barley flour or meal,2000,Cereal Grains and Pasta,306,309
20130,169739,Barley flour or meal,2000,Cereal Grains and Pasta,307,4
20130,169739,Barley flour or meal,2000,Cereal Grains and Pasta,601,0
20130,169739,Barley flour or meal,2000,Cereal Grains and Pasta,606,0.335
23562,174030,"Beef, ground, 90% lean meat / 10% fat, raw",1300,Beef Products,203,20
23562,174030,"Beef, ground, 90% lean meat / 10% fat, raw",1300,Beef Products,204,10
23562,174030,"Beef, ground, 90% lean meat / 10% fat, raw",1300,Beef Products,205,0
23562,174030,"Beef, ground, 90% lean meat / 10% fat, raw",1300,Beef Products,208,176
23562,174030,"Beef, ground, 90% lean meat / 10% fat, raw",1300,Beef Products,269,0
23562,174030,"Beef, ground, 90% lean meat / 10% fat, raw",1300,Beef Products,291,0
23562,174030,"Beef, ground, 90% lean meat / 10% fat, raw",1300,Beef Products,306,321
23562,174030,"Beef, ground, 90% lean meat / 10% fat, raw",1300,Beef Products,307,66
23562,174030,"Beef, ground, 90% lean meat / 10% fat, raw",1300,Beef Products,601,65
23562,174030,"Beef, ground, 90% lean meat / 10% fat, raw",1300,Beef Products,606,3.927
